{"loss": [0.28699788451194763, 0.11167223751544952, 0.07988544553518295, 0.06466323137283325, 0.055148325860500336, 0.048027537763118744, 0.04314234480261803, 0.041082099080085754, 0.038800451904535294, 0.03728945180773735, 0.03609871864318848, 0.03176400437951088, 0.032606977969408035, 0.03132495656609535, 0.030327240005135536, 0.028797080740332603, 0.028959970921278, 0.02635263092815876, 0.025209292769432068, 0.024695908650755882, 0.023983391001820564, 0.024074260145425797, 0.024970747530460358, 0.024065181612968445, 0.026756787672638893, 0.022560881450772285, 0.02221713401377201, 0.021465884521603584, 0.020084571093320847, 0.019316187128424644, 0.0188527163118124, 0.018609605729579926, 0.018233774229884148, 0.017749805003404617, 0.017245223745703697, 0.01837455853819847, 0.018497351557016373, 0.017137311398983, 0.016535701230168343, 0.015719948336482048], "iou_score": [0.7929152250289917, 0.9262505769729614, 0.9403084516525269, 0.9478554129600525, 0.9532197117805481, 0.9580140113830566, 0.9606819152832031, 0.9619272947311401, 0.963240921497345, 0.9646154642105103, 0.9649191498756409, 0.9684609174728394, 0.9682112336158752, 0.9688649773597717, 0.9696954488754272, 0.9709125757217407, 0.9709374904632568, 0.9728380441665649, 0.9742653369903564, 0.9744672179222107, 0.9750251770019531, 0.9748789668083191, 0.9744742512702942, 0.974912166595459, 0.9727053642272949, 0.9757733941078186, 0.9763890504837036, 0.9770185351371765, 0.9783259630203247, 0.9791710376739502, 0.9797986745834351, 0.980085015296936, 0.9804639220237732, 0.9806085228919983, 0.981011152267456, 0.979871928691864, 0.9799681305885315, 0.9812372326850891, 0.9818183183670044, 0.9824641346931458], "f1-score": [0.8744217157363892, 0.9615145325660706, 0.9690685868263245, 0.9730818867683411, 0.9759827256202698, 0.9784959554672241, 0.9799081087112427, 0.9805375337600708, 0.9812370538711548, 0.9819436073303223, 0.9821063280105591, 0.983942449092865, 0.983813464641571, 0.9841492176055908, 0.9845774173736572, 0.9852168560028076, 0.9852224588394165, 0.9862011671066284, 0.9869459867477417, 0.9870491027832031, 0.9873330593109131, 0.9872492551803589, 0.9870424866676331, 0.9872715473175049, 0.9861335754394531, 0.987708568572998, 0.9880242943763733, 0.988349199295044, 0.989020586013794, 0.9894552230834961, 0.9897797703742981, 0.9899250268936157, 0.9901204705238342, 0.9901901483535767, 0.9903911352157593, 0.989812433719635, 0.9898603558540344, 0.9905101656913757, 0.9908075332641602, 0.991136908531189], "val_loss": [0.30461564660072327, 0.21880082786083221, 0.22177250683307648, 0.24509471654891968, 0.22925730049610138, 0.23316849768161774, 0.2648107707500458, 0.2696142792701721, 0.2629055380821228, 0.2504287362098694, 0.22513636946678162, 0.26478874683380127, 0.22874848544597626, 0.2595115602016449, 0.30289480090141296, 0.27419227361679077, 0.23875415325164795, 0.27700790762901306, 0.3059372007846832, 0.33855676651000977, 0.3143538236618042, 0.3142869472503662, 0.3040904402732849, 0.2843695282936096, 0.2568366229534149, 0.3849506080150604, 0.3791571259498596, 0.3518429100513458, 0.3315267562866211, 0.3267555832862854, 0.35814809799194336, 0.33661237359046936, 0.39073899388313293, 0.3731129467487335, 0.515716552734375, 0.4200640022754669, 0.34626325964927673, 0.38959774374961853, 0.38008224964141846, 0.4712453782558441], "val_iou_score": [0.7433820962905884, 0.8232042789459229, 0.8217436671257019, 0.8175432085990906, 0.8283550143241882, 0.8354761004447937, 0.8257951140403748, 0.8244712352752686, 0.828055202960968, 0.8473333120346069, 0.8470638394355774, 0.8367856740951538, 0.8501400351524353, 0.8469699025154114, 0.8219249844551086, 0.8421319723129272, 0.8441228866577148, 0.8451434373855591, 0.833662211894989, 0.8314074873924255, 0.8371332883834839, 0.8436132669448853, 0.8315845131874084, 0.8428608775138855, 0.8547188639640808, 0.8151919841766357, 0.8212136626243591, 0.8266294598579407, 0.8375359177589417, 0.839551568031311, 0.8378331065177917, 0.842508852481842, 0.8289815783500671, 0.8361625671386719, 0.7872357368469238, 0.8341659903526306, 0.8336504101753235, 0.825551450252533, 0.834297776222229, 0.8128696084022522], "val_f1-score": [0.8466107845306396, 0.8992217779159546, 0.8978383541107178, 0.8956332206726074, 0.9023163318634033, 0.9062324166297913, 0.9005362391471863, 0.8999645113945007, 0.9021766185760498, 0.9136572480201721, 0.9135840535163879, 0.9064108729362488, 0.9154826998710632, 0.9132009744644165, 0.8975105285644531, 0.9104430079460144, 0.9122503399848938, 0.912757933139801, 0.9050099849700928, 0.9046716094017029, 0.9077585935592651, 0.9120321869850159, 0.9040644764900208, 0.9103547930717468, 0.9178400039672852, 0.8926230072975159, 0.89706951379776, 0.90088951587677, 0.9079417586326599, 0.9094085693359375, 0.9082140922546387, 0.9109840393066406, 0.9029071927070618, 0.9073950052261353, 0.8760891556739807, 0.9053742289543152, 0.9052633047103882, 0.9005088806152344, 0.9063957929611206, 0.8928930163383484]}